{
  "app_switches": 0.38547566642604414,
  "avg_buffer": 0.1361582703439309,
  "max_buffer": 0.07351998444989265,
  "hour_of_day": 0.06979170833523023,
  "mouse_activity": 0.06560762181172465,
  "session_duration": 0.05752590611227886,
  "attention_time": 0.04929005355680166,
  "min_buffer": 0.036681267940123975,
  "pause_count": 0.03441927719152682,
  "avg_kpm": 0.03407180445408009,
  "focus_time": 0.021735677720155118,
  "day_of_week": 0.02042514627358178,
  "session_mode_is_standard": 0.015297615384628984
}